IncidentTechniqueKey,IncidentKey,AttackTechniqueKey,IsPrimary
1,1,15,True
2,2,7,True
3,3,4,True
4,4,17,True
5,4,22,False
6,5,25,True
7,6,17,True
8,7,8,True
9,8,9,False
10,8,26,True
11,9,17,True
12,10,12,True
13,11,8,True
14,12,6,False
15,12,19,True
16,13,12,True
17,14,14,True
18,15,24,True
19,16,1,False
20,16,10,True
21,17,3,True
22,18,9,True
23,19,23,True
24,20,16,False
25,20,21,True
26,21,12,True
27,22,26,True
28,23,22,True
29,24,17,False
30,24,18,True
31,25,14,True
32,26,1,True
33,27,16,True
34,28,13,True
35,28,16,False
36,29,19,True
37,30,17,True
38,31,2,True
39,32,17,True
40,32,24,False
41,33,1,True
42,34,2,True
43,35,13,True
44,36,3,True
45,36,14,False
46,37,3,True
47,38,22,True
48,39,19,True
49,40,11,False
50,40,22,True
51,41,19,True
52,42,24,True
53,43,17,True
54,44,19,False
55,44,26,True
56,45,19,True
57,46,19,True
58,47,16,True
59,48,6,False
60,48,9,True
61,49,5,True
62,50,25,True
63,51,22,True
64,52,19,True
65,52,20,False
66,53,8,True
67,54,22,True
68,55,19,True
69,56,21,True
70,56,26,False
71,57,4,True
72,58,12,True
73,59,2,True
74,60,2,True
75,60,11,False
76,61,13,True
77,62,3,True
78,63,5,True
79,64,10,False
80,64,23,True
81,65,14,True
82,66,12,True
83,67,10,True
84,68,7,True
85,68,24,False
86,69,10,True
87,70,1,True
88,71,7,True
89,72,16,False
90,72,21,True
91,73,19,True
92,74,5,True
93,75,7,True
94,76,22,False
95,76,23,True
96,77,8,True
97,78,3,True
98,79,19,True
99,80,5,True
100,80,8,False
101,81,19,True
102,82,5,True
103,83,7,True
104,84,2,True
105,84,9,False
106,85,22,True
107,86,19,True
108,87,7,True
109,88,12,True
110,88,23,False
111,89,12,True
112,90,7,True
113,91,3,True
114,92,11,False
115,92,22,True
116,93,9,True
117,94,23,True
118,95,6,True
119,96,16,False
120,96,23,True
121,97,19,True
122,98,16,True
123,99,6,True
124,100,3,False
125,100,6,True
126,101,15,True
127,102,2,True
128,103,9,True
129,104,13,True
130,104,14,False
131,105,18,True
132,106,5,True
133,107,6,True
134,108,12,True
135,108,17,False
136,109,23,True
137,110,24,True
138,111,19,True
139,112,5,True
140,112,14,False
141,113,10,True
142,114,9,True
143,115,26,True
144,116,4,True
145,116,17,False
146,117,10,True
147,118,12,True
148,119,19,True
149,120,6,False
150,120,15,True
151,121,2,True
152,122,3,True
153,123,17,True
154,124,8,False
155,124,13,True
156,125,15,True
157,126,22,True
158,127,3,True
159,128,22,False
160,128,23,True
161,129,23,True
162,130,20,True
163,131,26,True
164,132,3,False
165,132,26,True
166,133,22,True
167,134,22,True
168,135,16,True
169,136,3,False
170,136,22,True
171,137,9,True
172,138,19,True
173,139,24,True
174,140,4,False
175,140,19,True
176,141,10,True
177,142,8,True
178,143,19,True
179,144,6,True
180,144,21,False
181,145,9,True
182,146,7,True
183,147,9,True
184,148,8,False
185,148,15,True
186,149,12,True
187,150,24,True
188,151,24,True
189,152,23,False
190,152,26,True
191,153,7,True
192,154,3,True
193,155,15,True
194,156,24,True
195,156,25,False
196,157,16,True
197,158,3,True
198,159,21,True
199,160,17,True
200,160,22,False
201,161,7,True
202,162,18,True
203,163,21,True
204,164,7,False
205,164,24,True
206,165,5,True
207,166,20,True
208,167,26,True
209,168,2,False
210,168,15,True
211,169,6,True
212,170,3,True
213,171,11,True
214,172,9,True
215,172,26,False
216,173,25,True
217,174,19,True
218,175,23,True
219,176,8,False
220,176,13,True
221,177,8,True
222,178,15,True
223,179,11,True
224,180,24,False
225,180,25,True
226,181,21,True
227,182,4,True
228,183,18,True
229,184,22,True
230,184,25,False
231,185,26,True
232,186,19,True
233,187,3,True
234,188,5,False
235,188,24,True
236,189,16,True
237,190,16,True
238,191,3,True
239,192,2,False
240,192,17,True
241,193,7,True
242,194,15,True
243,195,23,True
244,196,12,False
245,196,23,True
246,197,5,True
247,198,18,True
248,199,8,True
249,200,7,False
250,200,14,True
251,201,3,True
252,202,26,True
253,203,3,True
254,204,4,False
255,204,7,True
256,205,5,True
257,206,22,True
258,207,3,True
259,208,23,True
260,208,24,False
261,209,5,True
262,210,9,True
263,211,10,True
264,212,16,True
265,212,21,False
266,213,23,True
267,214,16,True
268,215,26,True
269,216,1,False
270,216,18,True
271,217,22,True
272,218,23,True
273,219,15,True
274,220,11,True
275,220,24,False
276,221,4,True
277,222,15,True
278,223,7,True
279,224,17,False
280,224,26,True
281,225,21,True
282,226,10,True
283,227,17,True
284,228,5,True
285,228,26,False
286,229,3,True
287,230,22,True
288,231,15,True
289,232,17,False
290,232,18,True
291,233,15,True
292,234,9,True
293,235,19,True
294,236,23,True
295,236,26,False
296,237,5,True
297,238,9,True
298,239,3,True
299,240,15,True
300,240,22,False
301,241,16,True
302,242,13,True
303,243,25,True
304,244,12,True
305,244,23,False
306,245,26,True
307,246,4,True
308,247,10,True
309,248,1,False
310,248,12,True
311,249,22,True
312,250,16,True
313,251,19,True
314,252,12,False
315,252,19,True
316,253,21,True
317,254,10,True
318,255,7,True
319,256,7,False
320,256,10,True
321,257,16,True
322,258,17,True
323,259,26,True
324,260,23,True
325,260,24,False
326,261,3,True
327,262,24,True
328,263,5,True
329,264,12,True
330,264,17,False
331,265,4,True
332,266,13,True
333,267,13,True
334,268,7,False
335,268,24,True
336,269,8,True
337,270,16,True
338,271,2,True
339,272,13,False
340,272,26,True
341,273,16,True
342,274,20,True
343,275,17,True
344,276,6,False
345,276,15,True
346,277,5,True
347,278,6,True
348,279,16,True
349,280,18,False
350,280,23,True
351,281,8,True
352,282,3,True
353,283,8,True
354,284,23,False
355,284,24,True
356,285,17,True
357,286,26,True
358,287,12,True
359,288,15,True
360,288,18,False
361,289,3,True
362,290,16,True
363,291,15,True
364,292,9,True
365,292,16,False
366,293,5,True
367,294,4,True
368,295,2,True
369,296,7,False
370,296,22,True
371,297,6,True
372,298,2,True
373,299,10,True
374,300,2,False
375,300,13,True
376,301,17,True
377,302,6,True
378,303,21,True
379,304,15,False
380,304,22,True
381,305,17,True
382,306,12,True
383,307,3,True
384,308,6,False
385,308,9,True
386,309,26,True
387,310,7,True
388,311,12,True
389,312,23,True
390,312,24,False
391,313,17,True
392,314,19,True
393,315,9,True
394,316,16,True
395,316,21,False
396,317,14,True
397,318,8,True
398,319,5,True
399,320,2,False
400,320,19,True
401,321,21,True
402,322,21,True
403,323,19,True
404,324,2,True
405,324,15,False
406,325,4,True
407,326,12,True
408,327,14,True
409,328,14,False
410,328,23,True
411,329,13,True
412,330,7,True
413,331,16,True
414,332,4,False
415,332,9,True
416,333,3,True
417,334,6,True
418,335,12,True
419,336,11,False
420,336,12,True
421,337,19,True
422,338,26,True
423,339,26,True
424,340,13,True
425,340,16,False
426,341,17,True
427,342,24,True
428,343,21,True
429,344,4,False
430,344,23,True
431,345,16,True
432,346,17,True
433,347,17,True
434,348,7,True
435,348,18,False
436,349,6,True
437,350,10,True
438,351,8,True
439,352,10,False
440,352,21,True
441,353,11,True
442,354,4,True
443,355,7,True
444,356,3,False
445,356,10,True
446,357,20,True
447,358,8,True
448,359,26,True
449,360,17,False
450,360,20,True
451,361,19,True
452,362,25,True
453,363,19,True
454,364,24,True
455,364,25,False
456,365,21,True
457,366,17,True
458,367,19,True
459,368,4,False
460,368,25,True
461,369,26,True
462,370,12,True
463,371,19,True
464,372,4,False
465,372,21,True
466,373,26,True
467,374,14,True
468,375,3,True
469,376,11,True
470,376,24,False
471,377,2,True
472,378,1,True
473,379,26,True
474,380,8,True
475,380,25,False
476,381,4,True
477,382,22,True
478,383,25,True
479,384,11,False
480,384,16,True
481,385,19,True
482,386,5,True
483,387,1,True
484,388,18,False
485,388,19,True
486,389,6,True
487,390,2,True
488,391,12,True
489,392,4,True
490,392,7,False
491,393,16,True
492,394,26,True
493,395,4,True
494,396,15,True
495,396,22,False
496,397,7,True
497,398,11,True
498,399,2,True
499,400,3,True
500,400,14,False
501,401,25,True
502,402,9,True
503,403,18,True
504,404,5,True
505,404,20,False
506,405,25,True
507,406,20,True
508,407,9,True
509,408,7,False
510,408,14,True
511,409,26,True
512,410,6,True
513,411,15,True
514,412,23,False
515,412,26,True
516,413,4,True
517,414,7,True
518,415,26,True
519,416,24,True
520,416,25,False
521,417,16,True
522,418,6,True
523,419,7,True
524,420,11,True
525,420,16,False
526,421,9,True
527,422,12,True
528,423,8,True
529,424,7,True
530,424,16,False
531,425,26,True
532,426,10,True
533,427,5,True
534,428,8,False
535,428,21,True
536,429,9,True
537,430,6,True
538,431,7,True
539,432,8,False
540,432,17,True
541,433,3,True
542,434,10,True
543,435,7,True
544,436,19,False
545,436,24,True
546,437,8,True
547,438,24,True
548,439,26,True
549,440,2,False
550,440,3,True
551,441,7,True
552,442,17,True
553,443,10,True
554,444,7,True
555,444,10,False
556,445,18,True
557,446,21,True
558,447,18,True
559,448,17,True
560,448,24,False
561,449,4,True
562,450,2,True
563,451,19,True
564,452,5,True
565,452,16,False
566,453,2,True
567,454,15,True
568,455,18,True
569,456,9,True
570,456,24,False
571,457,23,True
572,458,3,True
573,459,15,True
574,460,7,True
575,460,26,False
576,461,10,True
577,462,5,True
578,463,12,True
579,464,6,False
580,464,9,True
581,465,6,True
582,466,13,True
583,467,9,True
584,468,12,True
585,468,13,False
586,469,2,True
587,470,9,True
588,471,2,True
589,472,3,False
590,472,24,True
591,473,16,True
592,474,3,True
593,475,12,True
594,476,4,False
595,476,21,True
596,477,19,True
597,478,26,True
598,479,13,True
599,480,9,False
600,480,22,True
601,481,25,True
602,482,24,True
603,483,3,True
604,484,5,True
605,484,22,False
606,485,2,True
607,486,21,True
608,487,5,True
609,488,6,False
610,488,11,True
611,489,2,True
612,490,8,True
613,491,16,True
614,492,1,True
615,492,26,False
616,493,11,True
617,494,17,True
618,495,14,True
619,496,17,True
620,496,20,False
621,497,23,True
622,498,3,True
623,499,10,True
624,500,3,True
625,500,10,False
626,501,23,True
627,502,22,True
628,503,3,True
629,504,6,True
630,504,17,False
631,505,21,True
632,506,17,True
633,507,19,True
634,508,14,False
635,508,25,True
636,509,23,True
637,510,8,True
638,511,2,True
639,512,5,True
640,512,24,False
641,513,8,True
642,514,6,True
643,515,4,True
644,516,9,False
645,516,12,True
646,517,11,True
647,518,2,True
648,519,19,True
649,520,23,True
650,520,24,False
651,521,26,True
652,522,24,True
653,523,10,True
654,524,16,True
655,524,21,False
656,525,20,True
657,526,22,True
658,527,21,True
659,528,10,True
660,528,19,False
661,529,4,True
662,530,12,True
663,531,11,True
664,532,5,False
665,532,18,True
666,533,23,True
667,534,23,True
668,535,9,True
669,536,17,False
670,536,26,True
671,537,4,True
672,538,26,True
673,539,19,True
674,540,3,False
675,540,8,True
676,541,4,True
677,542,2,True
678,543,15,True
679,544,8,False
680,544,9,True
681,545,25,True
682,546,22,True
683,547,15,True
684,548,16,True
685,548,19,False
686,549,9,True
687,550,9,True
688,551,3,True
689,552,11,True
690,552,18,False
691,553,25,True
692,554,24,True
693,555,22,True
694,556,8,False
695,556,23,True
696,557,26,True
697,558,1,True
698,559,23,True
699,560,15,False
700,560,26,True
701,561,9,True
702,562,23,True
703,563,25,True
704,564,3,False
705,564,10,True
706,565,15,True
707,566,12,True
708,567,7,True
709,568,6,False
710,568,9,True
711,569,11,True
712,570,16,True
713,571,15,True
714,572,11,True
715,572,12,False
716,573,10,True
717,574,11,True
718,575,18,True
719,576,5,False
720,576,26,True
721,577,22,True
722,578,8,True
723,579,9,True
724,580,4,True
725,580,13,False
726,581,6,True
727,582,14,True
728,583,8,True
729,584,10,False
730,584,23,True
731,585,26,True
732,586,16,True
733,587,15,True
734,588,2,True
735,588,19,False
736,589,8,True
737,590,24,True
738,591,14,True
739,592,4,False
740,592,9,True
741,593,15,True
742,594,8,True
743,595,26,True
744,596,25,False
745,596,26,True
746,597,10,True
747,598,25,True
748,599,22,True
749,600,10,True
750,600,13,False
751,601,26,True
752,602,14,True
753,603,11,True
754,604,17,True
755,604,24,False
756,605,22,True
757,606,25,True
758,607,16,True
759,608,5,True
760,608,16,False
761,609,26,True
762,610,7,True
763,611,9,True
764,612,5,False
765,612,16,True
766,613,9,True
767,614,4,True
768,615,21,True
769,616,15,False
770,616,22,True
771,617,2,True
772,618,26,True
773,619,1,True
774,620,5,False
775,620,8,True
776,621,23,True
777,622,16,True
778,623,11,True
779,624,9,True
780,624,10,False
781,625,12,True
782,626,14,True
783,627,17,True
784,628,5,False
785,628,26,True
786,629,12,True
787,630,19,True
788,631,21,True
789,632,12,True
790,632,21,False
791,633,4,True
792,634,26,True
793,635,25,True
794,636,3,False
795,636,16,True
796,637,11,True
797,638,26,True
798,639,26,True
799,640,17,False
800,640,26,True
801,641,1,True
802,642,16,True
803,643,8,True
804,644,5,True
805,644,26,False
806,645,14,True
807,646,24,True
808,647,12,True
809,648,14,False
810,648,15,True
811,649,26,True
812,650,22,True
813,651,14,True
814,652,22,True
815,652,25,False
816,653,19,True
817,654,13,True
818,655,5,True
819,656,4,True
820,656,11,False
821,657,16,True
822,658,15,True
823,659,17,True
824,660,11,False
825,660,26,True
826,661,1,True
827,662,4,True
828,663,15,True
829,664,10,False
830,664,21,True
831,665,6,True
832,666,11,True
833,667,25,True
834,668,3,True
835,668,22,False
836,669,10,True
837,670,23,True
838,671,23,True
839,672,21,False
840,672,24,True
841,673,21,True
842,674,4,True
843,675,10,True
844,676,15,True
845,676,16,False
846,677,17,True
847,678,2,True
848,679,4,True
849,680,5,False
850,680,26,True
851,681,22,True
852,682,23,True
853,683,7,True
854,684,2,True
855,684,11,False
856,685,21,True
857,686,15,True
858,687,16,True
859,688,9,True
860,688,22,False
861,689,19,True
862,690,10,True
863,691,7,True
864,692,7,False
865,692,16,True
866,693,10,True
867,694,25,True
868,695,14,True
869,696,4,False
870,696,9,True
871,697,24,True
872,698,18,True
873,699,17,True
874,700,8,False
875,700,9,True
876,701,26,True
877,702,16,True
878,703,2,True
879,704,9,True
880,704,12,False
881,705,17,True
882,706,4,True
883,707,16,True
884,708,10,True
885,708,17,False
886,709,24,True
887,710,22,True
888,711,23,True
889,712,15,True
890,712,26,False
891,713,22,True
892,714,3,True
893,715,23,True
894,716,7,True
895,716,22,False
896,717,15,True
897,718,19,True
898,719,8,True
899,720,12,False
900,720,19,True
901,721,23,True
902,722,2,True
903,723,2,True
904,724,21,False
905,724,24,True
906,725,24,True
907,726,19,True
908,727,23,True
909,728,19,True
910,728,20,False
911,729,8,True
912,730,11,True
913,731,3,True
914,732,15,True
915,732,20,False
916,733,2,True
917,734,16,True
918,735,14,True
919,736,5,True
920,736,14,False
921,737,22,True
922,738,4,True
923,739,15,True
924,740,2,False
925,740,15,True
926,741,19,True
927,742,23,True
928,743,5,True
929,744,12,False
930,744,21,True
931,745,22,True
932,746,17,True
933,747,21,True
934,748,8,False
935,748,13,True
936,749,2,True
937,750,6,True
938,751,12,True
939,752,3,False
940,752,4,True
941,753,8,True
942,754,16,True
943,755,3,True
944,756,23,True
945,756,26,False
946,757,24,True
947,758,3,True
948,759,15,True
949,760,3,False
950,760,22,True
951,761,7,True
952,762,26,True
953,763,21,True
954,764,12,True
955,764,23,False
956,765,12,True
957,766,14,True
958,767,14,True
959,768,12,False
960,768,23,True
961,769,23,True
962,770,26,True
963,771,7,True
964,772,5,False
965,772,12,True
966,773,3,True
967,774,18,True
968,775,9,True
969,776,23,False
970,776,26,True
971,777,21,True
972,778,9,True
973,779,19,True
974,780,3,True
975,780,4,False
976,781,25,True
977,782,15,True
978,783,8,True
979,784,5,False
980,784,26,True
981,785,4,True
982,786,10,True
983,787,18,True
984,788,6,False
985,788,23,True
986,789,15,True
987,790,8,True
988,791,16,True
989,792,3,True
990,792,16,False
991,793,6,True
992,794,2,True
993,795,12,True
994,796,6,True
995,796,23,False
996,797,17,True
997,798,6,True
998,799,25,True
999,800,8,False
1000,800,13,True
1001,801,17,True
1002,802,8,True
1003,803,2,True
1004,804,23,False
1005,804,24,True
1006,805,10,True
1007,806,14,True
1008,807,16,True
1009,808,20,True
1010,808,23,False
1011,809,19,True
1012,810,5,True
1013,811,3,True
1014,812,4,True
1015,812,11,False
1016,813,8,True
1017,814,16,True
1018,815,14,True
1019,816,4,False
1020,816,19,True
1021,817,9,True
1022,818,2,True
1023,819,26,True
1024,820,4,True
1025,820,19,False
1026,821,13,True
1027,822,14,True
1028,823,8,True
1029,824,3,True
1030,824,22,False
1031,825,26,True
1032,826,19,True
1033,827,10,True
1034,828,3,False
1035,828,6,True
1036,829,18,True
1037,830,7,True
1038,831,5,True
1039,832,14,True
1040,832,15,False
1041,833,10,True
1042,834,13,True
1043,835,25,True
1044,836,16,True
1045,836,21,False
1046,837,6,True
1047,838,26,True
1048,839,22,True
1049,840,5,True
1050,840,14,False
1051,841,17,True
1052,842,20,True
1053,843,25,True
1054,844,12,False
1055,844,25,True
1056,845,7,True
1057,846,26,True
1058,847,7,True
1059,848,2,False
1060,848,11,True
1061,849,3,True
1062,850,19,True
1063,851,24,True
1064,852,8,False
1065,852,13,True
1066,853,9,True
1067,854,20,True
1068,855,22,True
1069,856,21,False
1070,856,22,True
1071,857,16,True
1072,858,7,True
1073,859,8,True
1074,860,3,True
1075,860,6,False
1076,861,2,True
1077,862,16,True
1078,863,22,True
1079,864,17,True
1080,864,24,False
1081,865,26,True
1082,866,14,True
1083,867,22,True
1084,868,3,False
1085,868,18,True
1086,869,20,True
1087,870,19,True
1088,871,3,True
1089,872,11,False
1090,872,22,True
1091,873,21,True
1092,874,13,True
1093,875,22,True
1094,876,9,False
1095,876,16,True
1096,877,23,True
1097,878,19,True
1098,879,18,True
1099,880,12,False
1100,880,15,True
1101,881,17,True
1102,882,16,True
1103,883,26,True
1104,884,3,True
1105,884,4,False
1106,885,24,True
1107,886,3,True
1108,887,6,True
1109,888,19,True
1110,888,24,False
1111,889,2,True
1112,890,16,True
1113,891,17,True
1114,892,6,False
1115,892,23,True
1116,893,26,True
1117,894,26,True
1118,895,2,True
1119,896,2,True
1120,896,15,False
1121,897,7,True
1122,898,6,True
1123,899,10,True
1124,900,17,False
1125,900,26,True
1126,901,16,True
1127,902,23,True
1128,903,16,True
1129,904,2,False
1130,904,7,True
1131,905,7,True
1132,906,5,True
1133,907,19,True
1134,908,1,True
1135,908,26,False
1136,909,2,True
1137,910,15,True
1138,911,21,True
1139,912,6,True
1140,912,9,False
1141,913,13,True
1142,914,14,True
1143,915,21,True
1144,916,1,True
1145,916,8,False
1146,917,24,True
1147,918,23,True
1148,919,26,True
1149,920,4,True
1150,920,15,False
1151,921,10,True
1152,922,16,True
1153,923,1,True
1154,924,3,False
1155,924,14,True
1156,925,23,True
1157,926,19,True
1158,927,7,True
1159,928,9,False
1160,928,16,True
1161,929,7,True
1162,930,19,True
1163,931,17,True
1164,932,15,False
1165,932,18,True
1166,933,15,True
1167,934,25,True
1168,935,24,True
1169,936,3,True
1170,936,4,False
1171,937,21,True
1172,938,10,True
1173,939,16,True
1174,940,19,True
1175,940,24,False
1176,941,21,True
1177,942,22,True
1178,943,3,True
1179,944,3,True
1180,944,12,False
1181,945,9,True
1182,946,19,True
1183,947,21,True
1184,948,4,False
1185,948,17,True
1186,949,17,True
1187,950,14,True
1188,951,4,True
1189,952,14,False
1190,952,23,True
1191,953,26,True
1192,954,17,True
1193,955,16,True
1194,956,17,False
1195,956,22,True
1196,957,21,True
1197,958,23,True
1198,959,3,True
1199,960,21,False
1200,960,22,True
1201,961,14,True
1202,962,4,True
1203,963,7,True
1204,964,9,True
1205,964,12,False
1206,965,6,True
1207,966,20,True
1208,967,23,True
1209,968,12,True
1210,968,19,False
1211,969,18,True
1212,970,15,True
1213,971,24,True
1214,972,8,False
1215,972,23,True
1216,973,16,True
1217,974,3,True
1218,975,22,True
1219,976,8,False
1220,976,19,True
1221,977,14,True
1222,978,12,True
1223,979,2,True
1224,980,16,False
1225,980,23,True
1226,981,5,True
1227,982,9,True
1228,983,14,True
1229,984,13,False
1230,984,16,True
1231,985,3,True
1232,986,12,True
1233,987,18,True
1234,988,15,True
1235,988,16,False
1236,989,24,True
1237,990,8,True
1238,991,10,True
1239,992,10,True
1240,992,15,False
1241,993,4,True
1242,994,26,True
1243,995,5,True
1244,996,15,True
1245,996,24,False
1246,997,12,True
1247,998,22,True
1248,999,21,True
1249,1000,5,True
1250,1000,18,False
1251,1001,19,True
1252,1002,3,True
1253,1003,9,True
1254,1004,2,True
1255,1004,19,False
1256,1005,17,True
1257,1006,26,True
1258,1007,11,True
1259,1008,8,False
1260,1008,13,True
1261,1009,4,True
1262,1010,21,True
1263,1011,9,True
1264,1012,16,False
1265,1012,17,True
1266,1013,7,True
1267,1014,3,True
1268,1015,12,True
1269,1016,22,True
1270,1016,25,False
1271,1017,26,True
1272,1018,3,True
1273,1019,24,True
1274,1020,10,True
1275,1020,17,False
1276,1021,2,True
1277,1022,2,True
1278,1023,4,True
1279,1024,13,True
1280,1024,24,False
1281,1025,9,True
1282,1026,1,True
1283,1027,3,True
1284,1028,1,False
1285,1028,12,True
1286,1029,25,True
1287,1030,4,True
1288,1031,7,True
1289,1032,3,True
1290,1032,22,False
1291,1033,11,True
1292,1034,9,True
1293,1035,10,True
1294,1036,23,False
1295,1036,26,True
1296,1037,22,True
1297,1038,12,True
1298,1039,17,True
1299,1040,7,True
1300,1040,8,False
1301,1041,26,True
1302,1042,7,True
1303,1043,6,True
1304,1044,5,False
1305,1044,26,True
1306,1045,6,True
1307,1046,1,True
1308,1047,9,True
1309,1048,9,False
1310,1048,26,True
1311,1049,3,True
1312,1050,15,True
1313,1051,11,True
1314,1052,8,False
1315,1052,21,True
1316,1053,5,True
1317,1054,9,True
1318,1055,6,True
1319,1056,15,False
1320,1056,24,True
1321,1057,7,True
1322,1058,5,True
1323,1059,26,True
1324,1060,21,False
1325,1060,26,True
1326,1061,13,True
1327,1062,21,True
1328,1063,4,True
1329,1064,7,False
1330,1064,8,True
1331,1065,1,True
1332,1066,15,True
1333,1067,10,True
1334,1068,22,True
1335,1068,25,False
1336,1069,15,True
1337,1070,17,True
1338,1071,23,True
1339,1072,2,True
1340,1072,9,False
1341,1073,7,True
1342,1074,23,True
1343,1075,26,True
1344,1076,4,False
1345,1076,19,True
1346,1077,13,True
1347,1078,7,True
1348,1079,20,True
1349,1080,7,True
1350,1080,22,False
1351,1081,21,True
1352,1082,24,True
1353,1083,7,True
1354,1084,5,True
1355,1084,24,False
1356,1085,2,True
1357,1086,4,True
1358,1087,19,True
1359,1088,2,True
1360,1088,25,False
1361,1089,3,True
1362,1090,23,True
1363,1091,23,True
1364,1092,16,True
1365,1092,17,False
1366,1093,26,True
1367,1094,3,True
1368,1095,14,True
1369,1096,4,True
1370,1096,9,False
1371,1097,17,True
1372,1098,12,True
1373,1099,5,True
1374,1100,6,False
1375,1100,23,True
1376,1101,12,True
1377,1102,26,True
1378,1103,26,True
1379,1104,4,True
1380,1104,17,False
1381,1105,3,True
1382,1106,9,True
1383,1107,16,True
1384,1108,3,False
1385,1108,12,True
1386,1109,22,True
1387,1110,1,True
1388,1111,2,True
1389,1112,4,True
1390,1112,25,False
1391,1113,8,True
1392,1114,10,True
1393,1115,16,True
1394,1116,6,False
1395,1116,7,True
1396,1117,24,True
1397,1118,12,True
1398,1119,9,True
1399,1120,10,True
1400,1120,13,False
1401,1121,14,True
1402,1122,16,True
1403,1123,26,True
1404,1124,14,True
1405,1124,21,False
1406,1125,2,True
1407,1126,6,True
1408,1127,2,True
1409,1128,11,False
1410,1128,26,True
1411,1129,21,True
1412,1130,7,True
1413,1131,23,True
1414,1132,10,True
1415,1132,25,False
1416,1133,12,True
1417,1134,7,True
1418,1135,6,True
1419,1136,5,True
1420,1136,24,False
1421,1137,26,True
1422,1138,25,True
1423,1139,3,True
1424,1140,20,False
1425,1140,23,True
1426,1141,19,True
1427,1142,18,True
1428,1143,13,True
1429,1144,5,True
1430,1144,6,False
1431,1145,3,True
1432,1146,13,True
1433,1147,4,True
1434,1148,6,True
1435,1148,11,False
1436,1149,19,True
1437,1150,11,True
1438,1151,16,True
1439,1152,5,True
1440,1152,14,False
1441,1153,21,True
1442,1154,4,True
1443,1155,26,True
1444,1156,9,True
1445,1156,22,False
1446,1157,7,True
1447,1158,10,True
1448,1159,16,True
1449,1160,15,False
1450,1160,24,True
1451,1161,26,True
1452,1162,24,True
1453,1163,6,True
1454,1164,3,True
1455,1164,24,False
1456,1165,22,True
1457,1166,14,True
1458,1167,26,True
1459,1168,8,False
1460,1168,9,True
1461,1169,6,True
1462,1170,11,True
1463,1171,26,True
1464,1172,5,True
1465,1172,8,False
1466,1173,26,True
1467,1174,21,True
1468,1175,17,True
1469,1176,17,True
1470,1176,24,False
1471,1177,19,True
1472,1178,15,True
1473,1179,1,True
1474,1180,6,True
1475,1180,17,False
1476,1181,18,True
1477,1182,6,True
1478,1183,2,True
1479,1184,5,True
1480,1184,20,False
1481,1185,23,True
1482,1186,21,True
1483,1187,14,True
1484,1188,15,False
1485,1188,22,True
1486,1189,2,True
1487,1190,26,True
1488,1191,16,True
1489,1192,20,False
1490,1192,23,True
1491,1193,5,True
1492,1194,8,True
1493,1195,25,True
1494,1196,1,False
1495,1196,26,True
1496,1197,3,True
1497,1198,24,True
1498,1199,26,True
1499,1200,3,True
1500,1200,8,False
1501,1201,17,True
1502,1202,15,True
1503,1203,24,True
1504,1204,12,True
1505,1204,21,False
1506,1205,12,True
1507,1206,8,True
1508,1207,21,True
1509,1208,6,False
1510,1208,19,True
1511,1209,7,True
1512,1210,19,True
1513,1211,26,True
1514,1212,17,False
1515,1212,26,True
1516,1213,16,True
1517,1214,16,True
1518,1215,3,True
1519,1216,4,False
1520,1216,9,True
1521,1217,23,True
1522,1218,23,True
1523,1219,2,True
1524,1220,15,False
1525,1220,16,True
1526,1221,4,True
1527,1222,7,True
1528,1223,22,True
1529,1224,15,True
1530,1224,18,False
1531,1225,6,True
1532,1226,1,True
1533,1227,5,True
1534,1228,1,True
1535,1228,8,False
1536,1229,16,True
1537,1230,19,True
1538,1231,7,True
1539,1232,7,False
1540,1232,22,True
1541,1233,25,True
1542,1234,11,True
1543,1235,17,True
1544,1236,15,False
1545,1236,26,True
1546,1237,11,True
1547,1238,21,True
1548,1239,19,True
1549,1240,16,False
1550,1240,23,True
1551,1241,12,True
1552,1242,24,True
1553,1243,21,True
1554,1244,1,True
1555,1244,24,False
1556,1245,23,True
1557,1246,5,True
1558,1247,26,True
1559,1248,19,True
1560,1248,20,False
1561,1249,9,True
1562,1250,19,True
1563,1251,13,True
1564,1252,19,True
1565,1252,24,False
1566,1253,22,True
1567,1254,7,True
1568,1255,11,True
1569,1256,3,True
1570,1256,12,False
1571,1257,2,True
1572,1258,13,True
1573,1259,19,True
1574,1260,13,True
1575,1260,26,False
1576,1261,3,True
1577,1262,2,True
1578,1263,21,True
1579,1264,14,False
1580,1264,23,True
1581,1265,14,True
1582,1266,3,True
1583,1267,24,True
1584,1268,14,False
1585,1268,19,True
1586,1269,9,True
1587,1270,25,True
1588,1271,18,True
1589,1272,4,False
1590,1272,5,True
1591,1273,15,True
1592,1274,18,True
1593,1275,7,True
1594,1276,3,False
1595,1276,26,True
1596,1277,2,True
1597,1278,19,True
1598,1279,25,True
1599,1280,5,False
1600,1280,24,True
1601,1281,26,True
1602,1282,7,True
1603,1283,21,True
1604,1284,1,True
1605,1284,12,False
1606,1285,24,True
1607,1286,23,True
1608,1287,17,True
1609,1288,7,True
1610,1288,22,False
1611,1289,2,True
1612,1290,8,True
1613,1291,24,True
1614,1292,1,False
1615,1292,8,True
1616,1293,10,True
1617,1294,16,True
1618,1295,16,True
1619,1296,11,False
1620,1296,14,True
1621,1297,24,True
1622,1298,20,True
1623,1299,19,True
1624,1300,17,True
1625,1300,18,False
1626,1301,8,True
1627,1302,15,True
1628,1303,14,True
1629,1304,6,True
1630,1304,11,False
1631,1305,18,True
1632,1306,26,True
1633,1307,11,True
1634,1308,16,True
1635,1308,25,False
1636,1309,9,True
1637,1310,21,True
1638,1311,22,True
1639,1312,4,False
1640,1312,17,True
1641,1313,17,True
1642,1314,24,True
1643,1315,10,True
1644,1316,7,False
1645,1316,16,True
1646,1317,21,True
1647,1318,4,True
1648,1319,23,True
1649,1320,6,False
1650,1320,11,True
1651,1321,21,True
1652,1322,8,True
1653,1323,3,True
1654,1324,4,False
1655,1324,5,True
1656,1325,20,True
1657,1326,6,True
1658,1327,21,True
1659,1328,16,True
1660,1328,19,False
1661,1329,19,True
1662,1330,13,True
1663,1331,18,True
1664,1332,6,False
1665,1332,25,True
1666,1333,2,True
1667,1334,23,True
1668,1335,19,True
1669,1336,1,False
1670,1336,16,True
1671,1337,6,True
1672,1338,10,True
1673,1339,10,True
1674,1340,1,False
1675,1340,12,True
1676,1341,11,True
1677,1342,12,True
1678,1343,14,True
1679,1344,12,False
1680,1344,19,True
1681,1345,24,True
1682,1346,6,True
1683,1347,13,True
1684,1348,6,False
1685,1348,9,True
1686,1349,9,True
1687,1350,23,True
1688,1351,15,True
1689,1352,23,True
1690,1352,24,False
1691,1353,13,True
1692,1354,19,True
1693,1355,12,True
1694,1356,19,True
1695,1356,24,False
1696,1357,14,True
1697,1358,19,True
1698,1359,11,True
1699,1360,2,True
1700,1360,11,False
1701,1361,5,True
1702,1362,2,True
1703,1363,26,True
1704,1364,13,False
1705,1364,26,True
1706,1365,19,True
1707,1366,8,True
1708,1367,13,True
1709,1368,12,False
1710,1368,21,True
1711,1369,19,True
1712,1370,17,True
1713,1371,6,True
1714,1372,3,True
1715,1372,24,False
1716,1373,21,True
1717,1374,9,True
1718,1375,9,True
1719,1376,22,False
1720,1376,23,True
1721,1377,6,True
1722,1378,10,True
1723,1379,8,True
1724,1380,17,True
1725,1380,20,False
1726,1381,11,True
1727,1382,24,True
1728,1383,8,True
1729,1384,14,True
1730,1384,21,False
1731,1385,10,True
1732,1386,26,True
1733,1387,9,True
1734,1388,13,True
1735,1388,24,False
1736,1389,16,True
1737,1390,4,True
1738,1391,21,True
1739,1392,7,True
1740,1392,22,False
1741,1393,14,True
1742,1394,10,True
1743,1395,24,True
1744,1396,2,False
1745,1396,9,True
1746,1397,1,True
1747,1398,7,True
1748,1399,5,True
1749,1400,16,False
1750,1400,19,True
1751,1401,20,True
1752,1402,25,True
1753,1403,15,True
1754,1404,4,True
1755,1404,5,False
1756,1405,6,True
1757,1406,23,True
1758,1407,6,True
1759,1408,5,True
1760,1408,10,False
1761,1409,16,True
1762,1410,1,True
1763,1411,16,True
1764,1412,9,False
1765,1412,26,True
1766,1413,12,True
1767,1414,17,True
1768,1415,8,True
1769,1416,5,True
1770,1416,18,False
1771,1417,5,True
1772,1418,26,True
1773,1419,16,True
1774,1420,3,True
1775,1420,20,False
1776,1421,11,True
1777,1422,19,True
1778,1423,21,True
1779,1424,16,False
1780,1424,21,True
1781,1425,12,True
1782,1426,17,True
1783,1427,18,True
1784,1428,15,False
1785,1428,16,True
1786,1429,6,True
1787,1430,17,True
1788,1431,13,True
1789,1432,3,False
1790,1432,26,True
1791,1433,10,True
1792,1434,9,True
1793,1435,22,True
1794,1436,9,True
1795,1436,16,False
1796,1437,13,True
1797,1438,2,True
1798,1439,3,True
1799,1440,10,False
1800,1440,25,True
1801,1441,19,True
1802,1442,9,True
1803,1443,12,True
1804,1444,7,False
1805,1444,18,True
1806,1445,12,True
1807,1446,19,True
1808,1447,17,True
1809,1448,9,False
1810,1448,16,True
1811,1449,19,True
1812,1450,15,True
1813,1451,5,True
1814,1452,2,True
1815,1452,25,False
1816,1453,25,True
1817,1454,26,True
1818,1455,16,True
1819,1456,21,True
1820,1456,22,False
1821,1457,5,True
1822,1458,15,True
1823,1459,14,True
1824,1460,9,True
1825,1460,14,False
1826,1461,9,True
1827,1462,3,True
1828,1463,18,True
1829,1464,7,False
1830,1464,24,True
1831,1465,3,True
1832,1466,16,True
1833,1467,3,True
1834,1468,2,False
1835,1468,15,True
1836,1469,26,True
1837,1470,3,True
1838,1471,4,True
1839,1472,10,False
1840,1472,19,True
1841,1473,23,True
1842,1474,12,True
1843,1475,17,True
1844,1476,20,False
1845,1476,25,True
1846,1477,10,True
1847,1478,2,True
1848,1479,26,True
1849,1480,10,False
1850,1480,11,True
1851,1481,24,True
1852,1482,24,True
1853,1483,2,True
1854,1484,7,True
1855,1484,10,False
1856,1485,25,True
1857,1486,17,True
1858,1487,12,True
1859,1488,2,True
1860,1488,9,False
1861,1489,17,True
1862,1490,12,True
1863,1491,7,True
1864,1492,4,True
1865,1492,15,False
1866,1493,16,True
1867,1494,9,True
1868,1495,3,True
1869,1496,3,False
1870,1496,14,True
1871,1497,13,True
1872,1498,2,True
1873,1499,13,True
1874,1500,5,False
1875,1500,12,True
1876,1501,14,True
1877,1502,2,True
1878,1503,15,True
1879,1504,21,False
1880,1504,24,True
1881,1505,20,True
1882,1506,17,True
1883,1507,6,True
1884,1508,5,True
1885,1508,6,False
1886,1509,19,True
1887,1510,12,True
1888,1511,13,True
1889,1512,3,True
1890,1512,8,False
1891,1513,16,True
1892,1514,15,True
1893,1515,9,True
1894,1516,9,False
1895,1516,26,True
1896,1517,17,True
1897,1518,15,True
1898,1519,18,True
1899,1520,10,False
1900,1520,23,True
1901,1521,18,True
1902,1522,15,True
1903,1523,7,True
1904,1524,7,False
1905,1524,16,True
1906,1525,3,True
1907,1526,17,True
1908,1527,3,True
1909,1528,18,False
1910,1528,23,True
1911,1529,7,True
1912,1530,11,True
1913,1531,24,True
1914,1532,8,False
1915,1532,9,True
1916,1533,17,True
1917,1534,7,True
1918,1535,23,True
1919,1536,12,True
1920,1536,15,False
1921,1537,10,True
1922,1538,15,True
1923,1539,7,True
1924,1540,19,True
1925,1540,26,False
1926,1541,8,True
1927,1542,9,True
1928,1543,14,True
1929,1544,9,False
1930,1544,24,True
1931,1545,5,True
1932,1546,19,True
1933,1547,2,True
1934,1548,2,True
1935,1548,17,False
1936,1549,2,True
1937,1550,26,True
1938,1551,12,True
1939,1552,9,False
1940,1552,16,True
1941,1553,16,True
1942,1554,8,True
1943,1555,9,True
1944,1556,6,False
1945,1556,9,True
1946,1557,7,True
1947,1558,18,True
1948,1559,15,True
1949,1560,10,True
1950,1560,11,False
1951,1561,19,True
1952,1562,20,True
1953,1563,18,True
1954,1564,4,True
1955,1564,9,False
1956,1565,12,True
1957,1566,20,True
1958,1567,17,True
1959,1568,14,True
1960,1568,23,False
1961,1569,22,True
1962,1570,5,True
1963,1571,24,True
1964,1572,3,True
1965,1572,16,False
1966,1573,24,True
1967,1574,3,True
1968,1575,19,True
1969,1576,6,True
1970,1576,23,False
1971,1577,9,True
1972,1578,6,True
1973,1579,23,True
1974,1580,3,False
1975,1580,8,True
1976,1581,23,True
1977,1582,15,True
1978,1583,9,True
1979,1584,24,False
1980,1584,25,True
1981,1585,26,True
1982,1586,14,True
1983,1587,3,True
1984,1588,16,True
1985,1588,19,False
1986,1589,12,True
1987,1590,13,True
1988,1591,7,True
1989,1592,3,True
1990,1592,10,False
1991,1593,6,True
1992,1594,21,True
1993,1595,2,True
1994,1596,2,True
1995,1596,13,False
1996,1597,16,True
1997,1598,15,True
1998,1599,8,True
1999,1600,11,False
2000,1600,22,True
2001,1601,8,True
2002,1602,20,True
2003,1603,12,True
2004,1604,6,False
2005,1604,13,True
2006,1605,16,True
2007,1606,5,True
2008,1607,2,True
2009,1608,13,False
2010,1608,16,True
2011,1609,9,True
2012,1610,23,True
2013,1611,23,True
2014,1612,1,False
2015,1612,26,True
2016,1613,9,True
2017,1614,15,True
2018,1615,19,True
2019,1616,13,True
2020,1616,18,False
2021,1617,14,True
2022,1618,16,True
2023,1619,24,True
2024,1620,7,False
2025,1620,24,True
2026,1621,7,True
2027,1622,3,True
2028,1623,16,True
2029,1624,11,False
2030,1624,24,True
2031,1625,10,True
2032,1626,16,True
2033,1627,16,True
2034,1628,6,False
2035,1628,15,True
2036,1629,26,True
2037,1630,23,True
2038,1631,25,True
2039,1632,21,False
2040,1632,26,True
2041,1633,21,True
2042,1634,23,True
2043,1635,6,True
2044,1636,2,False
2045,1636,3,True
2046,1637,20,True
2047,1638,26,True
2048,1639,16,True
2049,1640,16,True
2050,1640,19,False
2051,1641,19,True
2052,1642,15,True
2053,1643,17,True
2054,1644,12,True
2055,1644,19,False
2056,1645,4,True
2057,1646,18,True
2058,1647,22,True
2059,1648,8,True
2060,1648,19,False
2061,1649,25,True
2062,1650,17,True
2063,1651,26,True
2064,1652,11,False
2065,1652,22,True
2066,1653,9,True
2067,1654,16,True
2068,1655,14,True
2069,1656,3,True
2070,1656,22,False
2071,1657,22,True
2072,1658,23,True
2073,1659,7,True
2074,1660,2,False
2075,1660,5,True
2076,1661,26,True
2077,1662,16,True
2078,1663,2,True
2079,1664,16,True
2080,1664,17,False
2081,1665,19,True
2082,1666,19,True
2083,1667,9,True
2084,1668,12,True
2085,1668,17,False
2086,1669,10,True
2087,1670,26,True
2088,1671,19,True
2089,1672,4,True
2090,1672,13,False
2091,1673,9,True
2092,1674,8,True
2093,1675,8,True
2094,1676,2,True
2095,1676,15,False
2096,1677,3,True
2097,1678,21,True
2098,1679,8,True
2099,1680,14,False
2100,1680,23,True
2101,1681,7,True
2102,1682,8,True
2103,1683,16,True
2104,1684,20,False
2105,1684,25,True
2106,1685,21,True
2107,1686,9,True
2108,1687,10,True
2109,1688,6,False
2110,1688,7,True
2111,1689,15,True
2112,1690,26,True
2113,1691,26,True
2114,1692,12,True
2115,1692,15,False
2116,1693,2,True
2117,1694,3,True
2118,1695,16,True
2119,1696,3,False
2120,1696,22,True
2121,1697,6,True
2122,1698,3,True
2123,1699,10,True
2124,1700,9,True
2125,1700,20,False
2126,1701,26,True
2127,1702,23,True
2128,1703,23,True
2129,1704,4,False
2130,1704,15,True
2131,1705,8,True
2132,1706,10,True
2133,1707,14,True
2134,1708,14,False
2135,1708,21,True
2136,1709,14,True
2137,1710,7,True
2138,1711,26,True
2139,1712,18,False
2140,1712,21,True
2141,1713,18,True
2142,1714,12,True
2143,1715,12,True
2144,1716,2,True
2145,1716,3,False
2146,1717,10,True
2147,1718,10,True
2148,1719,17,True
2149,1720,1,True
2150,1720,6,False
2151,1721,5,True
2152,1722,2,True
2153,1723,8,True
2154,1724,15,True
2155,1724,24,False
2156,1725,24,True
2157,1726,11,True
2158,1727,3,True
2159,1728,1,False
2160,1728,14,True
2161,1729,20,True
2162,1730,10,True
2163,1731,3,True
2164,1732,7,True
2165,1732,24,False
2166,1733,3,True
2167,1734,8,True
2168,1735,8,True
2169,1736,1,False
2170,1736,6,True
2171,1737,4,True
2172,1738,17,True
2173,1739,5,True
2174,1740,2,False
2175,1740,3,True
2176,1741,3,True
2177,1742,8,True
2178,1743,22,True
2179,1744,22,True
2180,1744,25,False
2181,1745,15,True
2182,1746,16,True
2183,1747,3,True
2184,1748,10,True
2185,1748,17,False
2186,1749,26,True
2187,1750,7,True
2188,1751,6,True
2189,1752,1,False
2190,1752,16,True
2191,1753,17,True
2192,1754,3,True
2193,1755,26,True
2194,1756,2,False
2195,1756,13,True
2196,1757,18,True
2197,1758,26,True
2198,1759,14,True
2199,1760,7,True
2200,1760,26,False
2201,1761,24,True
2202,1762,6,True
2203,1763,2,True
2204,1764,14,False
2205,1764,17,True
2206,1765,19,True
2207,1766,7,True
2208,1767,12,True
2209,1768,18,True
2210,1768,19,False
2211,1769,25,True
2212,1770,7,True
2213,1771,18,True
2214,1772,9,True
2215,1772,14,False
2216,1773,15,True
2217,1774,3,True
2218,1775,2,True
2219,1776,2,True
2220,1776,11,False
2221,1777,14,True
2222,1778,24,True
2223,1779,20,True
2224,1780,3,True
2225,1780,16,False
2226,1781,2,True
2227,1782,2,True
2228,1783,26,True
2229,1784,17,False
2230,1784,26,True
2231,1785,8,True
2232,1786,23,True
2233,1787,26,True
2234,1788,14,False
2235,1788,19,True
2236,1789,10,True
2237,1790,22,True
2238,1791,3,True
2239,1792,21,False
2240,1792,22,True
2241,1793,7,True
2242,1794,17,True
2243,1795,7,True
2244,1796,3,True
2245,1796,6,False
2246,1797,19,True
2247,1798,23,True
2248,1799,19,True
2249,1800,6,False
2250,1800,25,True
2251,1801,24,True
2252,1802,19,True
2253,1803,17,True
2254,1804,7,False
2255,1804,22,True
2256,1805,8,True
2257,1806,12,True
2258,1807,15,True
2259,1808,10,False
2260,1808,21,True
2261,1809,26,True
2262,1810,10,True
2263,1811,16,True
2264,1812,13,False
2265,1812,20,True
2266,1813,17,True
2267,1814,24,True
2268,1815,1,True
2269,1816,19,False
2270,1816,22,True
2271,1817,19,True
2272,1818,15,True
2273,1819,15,True
2274,1820,10,True
2275,1820,11,False
2276,1821,22,True
2277,1822,23,True
2278,1823,26,True
2279,1824,21,True
2280,1824,26,False
2281,1825,6,True
2282,1826,7,True
2283,1827,15,True
2284,1828,7,False
2285,1828,24,True
2286,1829,8,True
2287,1830,22,True
2288,1831,7,True
2289,1832,11,False
2290,1832,24,True
2291,1833,12,True
2292,1834,12,True
2293,1835,26,True
2294,1836,15,False
2295,1836,24,True
2296,1837,13,True
2297,1838,17,True
2298,1839,13,True
2299,1840,21,False
2300,1840,26,True
2301,1841,8,True
2302,1842,11,True
2303,1843,9,True
2304,1844,22,False
2305,1844,23,True
2306,1845,7,True
2307,1846,6,True
2308,1847,16,True
2309,1848,9,True
2310,1848,12,False
2311,1849,10,True
2312,1850,3,True
2313,1851,7,True
2314,1852,12,True
2315,1852,19,False
2316,1853,9,True
2317,1854,26,True
2318,1855,9,True
2319,1856,3,False
2320,1856,18,True
2321,1857,25,True
2322,1858,4,True
2323,1859,17,True
2324,1860,7,True
2325,1860,22,False
2326,1861,22,True
2327,1862,26,True
2328,1863,5,True
2329,1864,3,True
2330,1864,22,False
2331,1865,25,True
2332,1866,6,True
2333,1867,9,True
2334,1868,18,False
2335,1868,21,True
2336,1869,10,True
2337,1870,12,True
2338,1871,1,True
2339,1872,21,True
2340,1872,22,False
2341,1873,23,True
2342,1874,19,True
2343,1875,5,True
2344,1876,5,True
2345,1876,10,False
2346,1877,7,True
2347,1878,6,True
2348,1879,1,True
2349,1880,2,True
2350,1880,11,False
2351,1881,24,True
2352,1882,10,True
2353,1883,15,True
2354,1884,3,True
2355,1884,16,False
2356,1885,26,True
2357,1886,12,True
2358,1887,3,True
2359,1888,15,False
2360,1888,24,True
2361,1889,12,True
2362,1890,3,True
2363,1891,2,True
2364,1892,8,False
2365,1892,13,True
2366,1893,9,True
2367,1894,8,True
2368,1895,16,True
2369,1896,16,False
2370,1896,17,True
2371,1897,23,True
2372,1898,4,True
2373,1899,17,True
2374,1900,1,True
2375,1900,4,False
2376,1901,26,True
2377,1902,16,True
2378,1903,26,True
2379,1904,1,True
2380,1904,8,False
2381,1905,19,True
2382,1906,24,True
2383,1907,17,True
2384,1908,8,False
2385,1908,23,True
2386,1909,12,True
2387,1910,8,True
2388,1911,14,True
2389,1912,7,True
2390,1912,22,False
2391,1913,23,True
2392,1914,11,True
2393,1915,19,True
2394,1916,10,False
2395,1916,17,True
2396,1917,24,True
2397,1918,16,True
2398,1919,13,True
2399,1920,14,False
2400,1920,17,True
2401,1921,24,True
2402,1922,6,True
2403,1923,26,True
2404,1924,8,True
2405,1924,9,False
2406,1925,15,True
2407,1926,3,True
2408,1927,23,True
2409,1928,8,True
2410,1928,13,False
2411,1929,19,True
2412,1930,10,True
2413,1931,26,True
2414,1932,2,False
2415,1932,19,True
2416,1933,17,True
2417,1934,23,True
2418,1935,1,True
2419,1936,5,False
2420,1936,18,True
2421,1937,15,True
2422,1938,4,True
2423,1939,23,True
2424,1940,3,True
2425,1940,20,False
2426,1941,22,True
2427,1942,26,True
2428,1943,24,True
2429,1944,18,False
2430,1944,23,True
2431,1945,3,True
2432,1946,3,True
2433,1947,3,True
2434,1948,8,False
2435,1948,9,True
2436,1949,6,True
2437,1950,13,True
2438,1951,11,True
2439,1952,12,True
2440,1952,15,False
2441,1953,9,True
2442,1954,21,True
2443,1955,10,True
2444,1956,17,True
2445,1956,24,False
2446,1957,16,True
2447,1958,24,True
2448,1959,19,True
2449,1960,4,False
2450,1960,19,True
2451,1961,5,True
2452,1962,7,True
2453,1963,3,True
2454,1964,4,False
2455,1964,15,True
2456,1965,5,True
2457,1966,22,True
2458,1967,7,True
2459,1968,5,False
2460,1968,12,True
2461,1969,24,True
2462,1970,22,True
2463,1971,23,True
2464,1972,2,False
2465,1972,5,True
2466,1973,5,True
2467,1974,16,True
2468,1975,26,True
2469,1976,6,True
2470,1976,7,False
2471,1977,18,True
2472,1978,6,True
2473,1979,22,True
2474,1980,4,False
2475,1980,25,True
2476,1981,10,True
2477,1982,22,True
2478,1983,22,True
2479,1984,2,True
2480,1984,11,False
2481,1985,21,True
2482,1986,7,True
2483,1987,7,True
2484,1988,3,True
2485,1988,16,False
2486,1989,24,True
2487,1990,4,True
2488,1991,7,True
2489,1992,9,True
2490,1992,26,False
2491,1993,16,True
2492,1994,23,True
2493,1995,10,True
2494,1996,21,False
2495,1996,26,True
2496,1997,26,True
2497,1998,23,True
2498,1999,4,True
2499,2000,22,False
2500,2000,23,True
2501,2001,6,True
2502,2002,24,True
2503,2003,10,True
2504,2004,8,True
2505,2004,11,False
2506,2005,26,True
2507,2006,26,True
2508,2007,3,True
2509,2008,16,True
2510,2008,23,False
2511,2009,3,True
2512,2010,17,True
2513,2011,24,True
2514,2012,5,True
2515,2012,16,False
2516,2013,16,True
2517,2014,2,True
2518,2015,19,True
2519,2016,7,True
2520,2016,22,False
2521,2017,7,True
2522,2018,13,True
2523,2019,16,True
2524,2020,8,False
2525,2020,15,True
2526,2021,26,True
2527,2022,2,True
2528,2023,22,True
2529,2024,15,False
2530,2024,18,True
2531,2025,6,True
2532,2026,14,True
2533,2027,8,True
2534,2028,25,True
2535,2028,26,False
2536,2029,12,True
2537,2030,22,True
2538,2031,16,True
2539,2032,13,True
2540,2032,18,False
2541,2033,23,True
2542,2034,9,True
2543,2035,13,True
2544,2036,15,True
2545,2036,24,False
2546,2037,12,True
2547,2038,24,True
2548,2039,19,True
2549,2040,11,True
2550,2040,24,False
2551,2041,21,True
2552,2042,2,True
2553,2043,6,True
2554,2044,17,False
2555,2044,26,True
2556,2045,22,True
2557,2046,1,True
2558,2047,3,True
2559,2048,7,False
2560,2048,12,True
2561,2049,19,True
2562,2050,9,True
2563,2051,5,True
2564,2052,3,False
2565,2052,4,True
2566,2053,7,True
2567,2054,16,True
2568,2055,8,True
2569,2056,22,True
2570,2056,25,False
2571,2057,2,True
2572,2058,17,True
2573,2059,8,True
2574,2060,6,False
2575,2060,25,True
2576,2061,2,True
2577,2062,24,True
2578,2063,2,True
2579,2064,4,True
2580,2064,15,False
2581,2065,8,True
2582,2066,22,True
2583,2067,3,True
2584,2068,5,True
2585,2068,20,False
2586,2069,9,True
2587,2070,10,True
2588,2071,3,True
2589,2072,18,False
2590,2072,25,True
2591,2073,26,True
2592,2074,7,True
2593,2075,14,True
2594,2076,12,False
2595,2076,15,True
2596,2077,26,True
2597,2078,14,True
2598,2079,6,True
2599,2080,7,True
2600,2080,8,False
2601,2081,22,True
2602,2082,14,True
2603,2083,18,True
2604,2084,1,False
2605,2084,22,True
2606,2085,13,True
2607,2086,23,True
2608,2087,22,True
2609,2088,15,True
2610,2088,24,False
2611,2089,25,True
2612,2090,12,True
2613,2091,3,True
2614,2092,12,True
2615,2092,25,False
2616,2093,6,True
2617,2094,22,True
2618,2095,26,True
2619,2096,5,True
2620,2096,22,False
2621,2097,1,True
2622,2098,23,True
2623,2099,17,True
2624,2100,9,False
2625,2100,14,True
2626,2101,12,True
2627,2102,23,True
2628,2103,16,True
2629,2104,5,False
2630,2104,6,True
2631,2105,3,True
2632,2106,13,True
2633,2107,4,True
2634,2108,12,True
2635,2108,15,False
2636,2109,2,True
2637,2110,10,True
2638,2111,7,True
2639,2112,14,True
2640,2112,21,False
2641,2113,9,True
2642,2114,14,True
2643,2115,19,True
2644,2116,8,False
2645,2116,23,True
2646,2117,15,True
2647,2118,2,True
2648,2119,5,True
2649,2120,1,True
2650,2120,16,False
2651,2121,10,True
2652,2122,3,True
2653,2123,15,True
2654,2124,3,True
2655,2124,22,False
2656,2125,10,True
2657,2126,21,True
2658,2127,7,True
2659,2128,7,False
2660,2128,10,True
2661,2129,17,True
2662,2130,7,True
2663,2131,6,True
2664,2132,19,True
2665,2132,20,False
2666,2133,2,True
2667,2134,9,True
2668,2135,17,True
2669,2136,5,True
2670,2136,10,False
2671,2137,10,True
2672,2138,2,True
2673,2139,21,True
2674,2140,17,True
2675,2140,26,False
2676,2141,3,True
2677,2142,15,True
2678,2143,15,True
2679,2144,13,False
2680,2144,26,True
2681,2145,4,True
2682,2146,15,True
2683,2147,9,True
2684,2148,2,True
2685,2148,19,False
2686,2149,23,True
2687,2150,24,True
2688,2151,15,True
2689,2152,16,False
2690,2152,21,True
2691,2153,10,True
2692,2154,12,True
2693,2155,11,True
2694,2156,13,False
2695,2156,14,True
2696,2157,16,True
2697,2158,4,True
2698,2159,1,True
2699,2160,17,True
2700,2160,20,False
2701,2161,7,True
2702,2162,3,True
2703,2163,25,True
2704,2164,15,True
2705,2164,22,False
2706,2165,23,True
2707,2166,15,True
2708,2167,17,True
2709,2168,9,True
2710,2168,20,False
2711,2169,23,True
2712,2170,5,True
2713,2171,17,True
2714,2172,3,True
2715,2172,18,False
2716,2173,12,True
2717,2174,10,True
2718,2175,2,True
2719,2176,16,False
2720,2176,23,True
2721,2177,8,True
2722,2178,10,True
2723,2179,15,True
2724,2180,4,False
2725,2180,7,True
2726,2181,21,True
2727,2182,24,True
2728,2183,1,True
2729,2184,1,False
2730,2184,26,True
2731,2185,5,True
2732,2186,22,True
2733,2187,13,True
2734,2188,21,True
2735,2188,26,False
2736,2189,13,True
2737,2190,7,True
2738,2191,21,True
2739,2192,4,True
2740,2192,13,False
2741,2193,26,True
2742,2194,16,True
2743,2195,24,True
2744,2196,8,False
2745,2196,21,True
2746,2197,22,True
2747,2198,5,True
2748,2199,15,True
2749,2200,2,True
2750,2200,19,False
2751,2201,7,True
2752,2202,10,True
2753,2203,21,True
2754,2204,2,True
2755,2204,23,False
2756,2205,1,True
2757,2206,26,True
2758,2207,6,True
2759,2208,13,False
2760,2208,14,True
2761,2209,18,True
2762,2210,13,True
2763,2211,1,True
2764,2212,22,True
2765,2212,25,False
2766,2213,16,True
2767,2214,26,True
2768,2215,22,True
2769,2216,5,True
2770,2216,12,False
2771,2217,20,True
2772,2218,24,True
2773,2219,7,True
2774,2220,7,True
2775,2220,18,False
2776,2221,7,True
2777,2222,13,True
2778,2223,8,True
2779,2224,12,False
2780,2224,23,True
2781,2225,9,True
2782,2226,22,True
2783,2227,7,True
2784,2228,13,False
2785,2228,20,True
2786,2229,1,True
2787,2230,5,True
2788,2231,16,True
2789,2232,17,False
2790,2232,20,True
2791,2233,25,True
2792,2234,5,True
2793,2235,3,True
2794,2236,8,True
2795,2236,9,False
2796,2237,8,True
2797,2238,18,True
2798,2239,9,True
2799,2240,3,True
2800,2240,8,False
2801,2241,21,True
2802,2242,24,True
2803,2243,11,True
2804,2244,17,True
2805,2244,26,False
2806,2245,8,True
2807,2246,22,True
2808,2247,22,True
2809,2248,13,False
2810,2248,26,True
2811,2249,23,True
2812,2250,2,True
2813,2251,24,True
2814,2252,14,False
2815,2252,23,True
2816,2253,23,True
2817,2254,8,True
2818,2255,4,True
2819,2256,17,False
2820,2256,22,True
2821,2257,3,True
2822,2258,6,True
2823,2259,19,True
2824,2260,22,False
2825,2260,23,True
2826,2261,5,True
2827,2262,5,True
2828,2263,23,True
2829,2264,14,True
2830,2264,17,False
2831,2265,15,True
2832,2266,6,True
2833,2267,26,True
2834,2268,19,True
2835,2268,26,False
2836,2269,23,True
2837,2270,10,True
2838,2271,23,True
2839,2272,7,True
2840,2272,18,False
2841,2273,19,True
2842,2274,3,True
2843,2275,23,True
2844,2276,9,False
2845,2276,20,True
2846,2277,15,True
2847,2278,8,True
2848,2279,6,True
2849,2280,2,True
2850,2280,21,False
2851,2281,23,True
2852,2282,16,True
2853,2283,2,True
2854,2284,8,False
2855,2284,11,True
2856,2285,19,True
2857,2286,4,True
2858,2287,12,True
2859,2288,22,True
2860,2288,23,False
2861,2289,6,True
2862,2290,3,True
2863,2291,16,True
2864,2292,3,False
2865,2292,24,True
2866,2293,6,True
2867,2294,12,True
2868,2295,11,True
2869,2296,7,True
2870,2296,16,False
2871,2297,3,True
2872,2298,19,True
2873,2299,21,True
2874,2300,6,True
2875,2300,19,False
2876,2301,14,True
2877,2302,14,True
2878,2303,13,True
2879,2304,13,False
2880,2304,22,True
2881,2305,8,True
2882,2306,20,True
2883,2307,17,True
2884,2308,10,False
2885,2308,15,True
2886,2309,7,True
2887,2310,19,True
2888,2311,2,True
2889,2312,4,False
2890,2312,5,True
2891,2313,12,True
2892,2314,22,True
2893,2315,10,True
2894,2316,3,False
2895,2316,26,True
2896,2317,21,True
2897,2318,9,True
2898,2319,26,True
2899,2320,5,False
2900,2320,24,True
2901,2321,21,True
2902,2322,17,True
2903,2323,24,True
2904,2324,1,False
2905,2324,16,True
2906,2325,13,True
2907,2326,5,True
2908,2327,7,True
2909,2328,3,False
2910,2328,14,True
2911,2329,15,True
2912,2330,13,True
2913,2331,7,True
2914,2332,13,False
2915,2332,20,True
2916,2333,26,True
2917,2334,9,True
2918,2335,4,True
2919,2336,20,False
2920,2336,23,True
2921,2337,3,True
2922,2338,3,True
2923,2339,19,True
2924,2340,23,True
2925,2340,24,False
2926,2341,14,True
2927,2342,4,True
2928,2343,21,True
2929,2344,10,True
2930,2344,15,False
2931,2345,16,True
2932,2346,26,True
2933,2347,2,True
2934,2348,2,False
2935,2348,19,True
2936,2349,14,True
2937,2350,20,True
2938,2351,15,True
2939,2352,3,True
2940,2352,16,False
2941,2353,12,True
2942,2354,9,True
2943,2355,18,True
2944,2356,15,False
2945,2356,24,True
2946,2357,9,True
2947,2358,10,True
2948,2359,12,True
2949,2360,3,True
2950,2360,24,False
2951,2361,13,True
2952,2362,2,True
2953,2363,5,True
2954,2364,5,False
2955,2364,6,True
2956,2365,16,True
2957,2366,21,True
2958,2367,6,True
2959,2368,14,True
2960,2368,17,False
2961,2369,4,True
2962,2370,14,True
2963,2371,3,True
2964,2372,12,True
2965,2372,19,False
2966,2373,26,True
2967,2374,25,True
2968,2375,5,True
2969,2376,11,False
2970,2376,26,True
2971,2377,26,True
2972,2378,9,True
2973,2379,3,True
2974,2380,11,False
2975,2380,22,True
2976,2381,16,True
2977,2382,20,True
2978,2383,9,True
2979,2384,2,False
2980,2384,9,True
2981,2385,20,True
2982,2386,11,True
2983,2387,21,True
2984,2388,3,False
2985,2388,6,True
2986,2389,17,True
2987,2390,25,True
2988,2391,3,True
2989,2392,6,True
2990,2392,7,False
2991,2393,8,True
2992,2394,23,True
2993,2395,25,True
2994,2396,3,False
2995,2396,24,True
2996,2397,8,True
2997,2398,15,True
2998,2399,3,True
2999,2400,16,True
3000,2400,25,False
3001,2401,3,True
3002,2402,22,True
3003,2403,3,True
3004,2404,2,True
3005,2404,15,False
3006,2405,11,True
3007,2406,22,True
3008,2407,19,True
3009,2408,5,True
3010,2408,22,False
3011,2409,23,True
3012,2410,22,True
3013,2411,21,True
3014,2412,3,True
3015,2412,24,False
3016,2413,22,True
3017,2414,2,True
3018,2415,3,True
3019,2416,25,False
3020,2416,26,True
3021,2417,23,True
3022,2418,22,True
3023,2419,24,True
3024,2420,1,True
3025,2420,4,False
3026,2421,10,True
3027,2422,9,True
3028,2423,15,True
3029,2424,4,True
3030,2424,11,False
3031,2425,9,True
3032,2426,15,True
3033,2427,5,True
3034,2428,14,True
3035,2428,25,False
3036,2429,21,True
3037,2430,26,True
3038,2431,10,True
3039,2432,4,False
3040,2432,15,True
3041,2433,12,True
3042,2434,18,True
3043,2435,19,True
3044,2436,19,False
3045,2436,26,True
3046,2437,15,True
3047,2438,17,True
3048,2439,6,True
3049,2440,9,False
3050,2440,12,True
3051,2441,15,True
3052,2442,14,True
3053,2443,18,True
3054,2444,4,True
3055,2444,5,False
3056,2445,26,True
3057,2446,10,True
3058,2447,14,True
3059,2448,1,False
3060,2448,22,True
3061,2449,18,True
3062,2450,21,True
3063,2451,19,True
3064,2452,2,True
3065,2452,11,False
3066,2453,3,True
3067,2454,8,True
3068,2455,11,True
3069,2456,13,False
3070,2456,26,True
3071,2457,23,True
3072,2458,15,True
3073,2459,26,True
3074,2460,5,False
3075,2460,14,True
3076,2461,26,True
3077,2462,8,True
3078,2463,25,True
3079,2464,3,True
3080,2464,24,False
3081,2465,9,True
3082,2466,1,True
3083,2467,12,True
3084,2468,18,False
3085,2468,19,True
3086,2469,18,True
3087,2470,2,True
3088,2471,20,True
3089,2472,18,True
3090,2472,21,False
3091,2473,12,True
3092,2474,19,True
3093,2475,24,True
3094,2476,15,True
3095,2476,22,False
3096,2477,4,True
3097,2478,12,True
3098,2479,24,True
3099,2480,7,False
3100,2480,22,True
3101,2481,21,True
3102,2482,22,True
3103,2483,24,True
3104,2484,5,True
3105,2484,20,False
3106,2485,23,True
3107,2486,22,True
3108,2487,15,True
3109,2488,14,False
3110,2488,21,True
3111,2489,4,True
3112,2490,2,True
3113,2491,24,True
3114,2492,18,False
3115,2492,21,True
3116,2493,21,True
3117,2494,7,True
3118,2495,15,True
3119,2496,12,True
3120,2496,13,False
3121,2497,17,True
3122,2498,23,True
3123,2499,17,True
3124,2500,7,True
3125,2500,12,False
3126,2501,9,True
3127,2502,16,True
3128,2503,9,True
3129,2504,9,False
3130,2504,26,True
3131,2505,26,True
3132,2506,23,True
3133,2507,26,True
3134,2508,8,True
3135,2508,21,False
3136,2509,7,True
3137,2510,4,True
3138,2511,6,True
3139,2512,15,False
3140,2512,24,True
3141,2513,11,True
3142,2514,19,True
3143,2515,10,True
3144,2516,17,False
3145,2516,22,True
3146,2517,3,True
3147,2518,3,True
3148,2519,14,True
3149,2520,12,False
3150,2520,13,True
3151,2521,12,True
3152,2522,19,True
3153,2523,5,True
3154,2524,15,True
3155,2524,18,False
3156,2525,26,True
3157,2526,14,True
3158,2527,21,True
3159,2528,7,False
3160,2528,26,True
3161,2529,19,True
3162,2530,23,True
3163,2531,23,True
3164,2532,5,True
3165,2532,16,False
3166,2533,10,True
3167,2534,15,True
3168,2535,17,True
3169,2536,12,False
3170,2536,23,True
3171,2537,3,True
3172,2538,23,True
3173,2539,12,True
3174,2540,5,False
3175,2540,12,True
3176,2541,15,True
3177,2542,26,True
3178,2543,20,True
3179,2544,11,False
3180,2544,14,True
3181,2545,1,True
3182,2546,16,True
3183,2547,5,True
3184,2548,13,True
3185,2548,14,False
3186,2549,20,True
3187,2550,16,True
3188,2551,12,True
3189,2552,13,True
3190,2552,18,False
3191,2553,21,True
3192,2554,10,True
3193,2555,6,True
3194,2556,10,True
3195,2556,19,False
3196,2557,10,True
3197,2558,24,True
3198,2559,4,True
3199,2560,6,False
3200,2560,19,True
3201,2561,26,True
3202,2562,6,True
3203,2563,7,True
3204,2564,9,True
3205,2564,26,False
3206,2565,21,True
3207,2566,2,True
3208,2567,22,True
3209,2568,2,True
3210,2568,23,False
3211,2569,19,True
3212,2570,6,True
3213,2571,22,True
3214,2572,16,False
3215,2572,17,True
3216,2573,6,True
3217,2574,22,True
3218,2575,8,True
3219,2576,10,True
3220,2576,13,False
3221,2577,17,True
3222,2578,26,True
3223,2579,9,True
3224,2580,2,True
3225,2580,9,False
3226,2581,16,True
3227,2582,6,True
3228,2583,10,True
3229,2584,7,False
3230,2584,22,True
3231,2585,26,True
3232,2586,16,True
3233,2587,22,True
3234,2588,9,False
3235,2588,20,True
3236,2589,17,True
3237,2590,7,True
3238,2591,22,True
3239,2592,19,False
3240,2592,26,True
3241,2593,22,True
3242,2594,23,True
3243,2595,3,True
3244,2596,14,False
3245,2596,17,True
3246,2597,21,True
3247,2598,2,True
3248,2599,22,True
3249,2600,17,True
3250,2600,18,False
3251,2601,9,True
3252,2602,15,True
3253,2603,17,True
3254,2604,18,True
3255,2604,23,False
3256,2605,15,True
3257,2606,25,True
3258,2607,6,True
3259,2608,5,False
3260,2608,22,True
3261,2609,15,True
3262,2610,7,True
3263,2611,22,True
3264,2612,12,True
3265,2612,25,False
3266,2613,10,True
3267,2614,26,True
3268,2615,1,True
3269,2616,2,True
3270,2616,19,False
3271,2617,19,True
3272,2618,16,True
3273,2619,24,True
3274,2620,11,False
3275,2620,16,True
3276,2621,13,True
3277,2622,9,True
3278,2623,9,True
3279,2624,2,False
3280,2624,3,True
3281,2625,3,True
3282,2626,23,True
3283,2627,17,True
3284,2628,18,True
3285,2628,21,False
3286,2629,20,True
3287,2630,15,True
3288,2631,17,True
3289,2632,12,True
3290,2632,19,False
3291,2633,17,True
3292,2634,15,True
3293,2635,9,True
3294,2636,5,False
3295,2636,20,True
3296,2637,4,True
3297,2638,21,True
3298,2639,9,True
3299,2640,15,False
3300,2640,26,True
3301,2641,5,True
3302,2642,24,True
3303,2643,22,True
3304,2644,2,False
3305,2644,9,True
3306,2645,14,True
3307,2646,24,True
3308,2647,7,True
3309,2648,3,True
3310,2648,26,False
3311,2649,14,True
3312,2650,22,True
3313,2651,9,True
3314,2652,9,True
3315,2652,10,False
3316,2653,18,True
3317,2654,12,True
3318,2655,24,True
3319,2656,12,True
3320,2656,17,False
3321,2657,7,True
3322,2658,20,True
3323,2659,3,True
3324,2660,5,True
3325,2660,14,False
3326,2661,18,True
3327,2662,19,True
3328,2663,12,True
3329,2664,4,False
3330,2664,17,True
3331,2665,21,True
3332,2666,22,True
3333,2667,14,True
3334,2668,17,False
3335,2668,26,True
3336,2669,2,True
3337,2670,2,True
3338,2671,12,True
3339,2672,10,False
3340,2672,15,True
3341,2673,16,True
3342,2674,6,True
3343,2675,9,True
3344,2676,20,False
3345,2676,21,True
3346,2677,4,True
3347,2678,17,True
3348,2679,19,True
3349,2680,5,True
3350,2680,8,False
3351,2681,24,True
3352,2682,19,True
3353,2683,12,True
3354,2684,5,True
3355,2684,12,False
3356,2685,6,True
3357,2686,24,True
3358,2687,18,True
3359,2688,7,False
3360,2688,22,True
3361,2689,24,True
3362,2690,8,True
3363,2691,23,True
3364,2692,5,True
3365,2692,20,False
3366,2693,2,True
3367,2694,4,True
3368,2695,23,True
3369,2696,15,False
3370,2696,22,True
3371,2697,14,True
3372,2698,21,True
3373,2699,24,True
3374,2700,12,False
3375,2700,15,True
3376,2701,14,True
3377,2702,3,True
3378,2703,17,True
3379,2704,15,True
3380,2704,16,False
3381,2705,19,True
3382,2706,5,True
3383,2707,25,True
3384,2708,18,True
3385,2708,23,False
3386,2709,9,True
3387,2710,21,True
3388,2711,16,True
3389,2712,3,True
3390,2712,12,False
3391,2713,12,True
3392,2714,6,True
3393,2715,4,True
3394,2716,9,True
3395,2716,22,False
3396,2717,13,True
3397,2718,24,True
3398,2719,15,True
3399,2720,6,False
3400,2720,15,True
3401,2721,26,True
3402,2722,19,True
3403,2723,14,True
3404,2724,9,False
3405,2724,14,True
3406,2725,15,True
3407,2726,26,True
3408,2727,22,True
3409,2728,1,False
3410,2728,2,True
3411,2729,17,True
3412,2730,8,True
3413,2731,2,True
3414,2732,3,True
3415,2732,6,False
3416,2733,26,True
3417,2734,3,True
3418,2735,10,True
3419,2736,15,True
3420,2736,22,False
3421,2737,21,True
3422,2738,5,True
3423,2739,9,True
3424,2740,12,True
3425,2740,23,False
3426,2741,16,True
3427,2742,22,True
3428,2743,23,True
3429,2744,10,True
3430,2744,25,False
3431,2745,16,True
3432,2746,3,True
3433,2747,6,True
3434,2748,2,True
3435,2748,21,False
3436,2749,21,True
3437,2750,26,True
3438,2751,15,True
3439,2752,18,False
3440,2752,21,True
3441,2753,19,True
3442,2754,7,True
3443,2755,11,True
3444,2756,9,True
3445,2756,10,False
3446,2757,19,True
3447,2758,8,True
3448,2759,2,True
3449,2760,16,True
3450,2760,21,False
3451,2761,14,True
3452,2762,26,True
3453,2763,23,True
3454,2764,2,True
3455,2764,11,False
3456,2765,15,True
3457,2766,12,True
3458,2767,4,True
3459,2768,8,False
3460,2768,21,True
3461,2769,6,True
3462,2770,12,True
3463,2771,16,True
3464,2772,12,False
3465,2772,21,True
3466,2773,3,True
3467,2774,16,True
3468,2775,18,True
3469,2776,8,False
3470,2776,13,True
3471,2777,26,True
3472,2778,8,True
3473,2779,22,True
3474,2780,1,False
3475,2780,2,True
3476,2781,17,True
3477,2782,26,True
3478,2783,6,True
3479,2784,12,True
3480,2784,15,False
3481,2785,19,True
3482,2786,13,True
3483,2787,22,True
3484,2788,17,True
3485,2788,24,False
3486,2789,26,True
3487,2790,3,True
3488,2791,3,True
3489,2792,3,True
3490,2792,14,False
3491,2793,19,True
3492,2794,22,True
3493,2795,21,True
3494,2796,13,False
3495,2796,24,True
3496,2797,19,True
3497,2798,7,True
3498,2799,16,True
3499,2800,17,False
3500,2800,24,True
3501,2801,6,True
3502,2802,18,True
3503,2803,18,True
3504,2804,5,False
3505,2804,8,True
3506,2805,17,True
3507,2806,12,True
3508,2807,17,True
3509,2808,14,True
3510,2808,15,False
3511,2809,21,True
3512,2810,3,True
3513,2811,16,True
3514,2812,19,True
3515,2812,24,False
3516,2813,10,True
3517,2814,2,True
3518,2815,14,True
3519,2816,4,False
3520,2816,21,True
3521,2817,15,True
3522,2818,19,True
3523,2819,4,True
3524,2820,10,True
3525,2820,23,False
3526,2821,2,True
3527,2822,6,True
3528,2823,2,True
3529,2824,1,False
3530,2824,10,True
3531,2825,8,True
3532,2826,19,True
3533,2827,21,True
3534,2828,9,False
3535,2828,14,True
3536,2829,25,True
3537,2830,7,True
3538,2831,26,True
3539,2832,1,True
3540,2832,26,False
3541,2833,14,True
3542,2834,6,True
3543,2835,21,True
3544,2836,15,True
3545,2836,18,False
3546,2837,26,True
3547,2838,17,True
3548,2839,22,True
3549,2840,18,True
3550,2840,25,False
3551,2841,3,True
3552,2842,12,True
3553,2843,14,True
3554,2844,6,True
3555,2844,17,False
3556,2845,26,True
3557,2846,18,True
3558,2847,19,True
3559,2848,6,False
3560,2848,17,True
3561,2849,21,True
3562,2850,26,True
3563,2851,15,True
3564,2852,2,False
3565,2852,9,True
3566,2853,12,True
3567,2854,7,True
3568,2855,11,True
3569,2856,1,True
3570,2856,24,False
3571,2857,2,True
3572,2858,3,True
3573,2859,10,True
3574,2860,12,True
3575,2860,13,False
3576,2861,26,True
3577,2862,8,True
3578,2863,16,True
3579,2864,10,True
3580,2864,15,False
3581,2865,4,True
3582,2866,26,True
3583,2867,16,True
3584,2868,17,True
3585,2868,26,False
3586,2869,10,True
3587,2870,10,True
3588,2871,24,True
3589,2872,12,True
3590,2872,25,False
3591,2873,24,True
3592,2874,23,True
3593,2875,26,True
3594,2876,12,False
3595,2876,21,True
3596,2877,21,True
3597,2878,21,True
3598,2879,14,True
3599,2880,2,True
3600,2880,23,False
3601,2881,8,True
3602,2882,26,True
3603,2883,15,True
3604,2884,3,False
3605,2884,4,True
3606,2885,20,True
3607,2886,19,True
3608,2887,8,True
3609,2888,15,True
3610,2888,18,False
3611,2889,2,True
3612,2890,21,True
3613,2891,10,True
3614,2892,7,False
3615,2892,26,True
3616,2893,3,True
3617,2894,8,True
3618,2895,24,True
3619,2896,3,True
3620,2896,14,False
3621,2897,4,True
3622,2898,22,True
3623,2899,22,True
3624,2900,3,False
3625,2900,14,True
3626,2901,24,True
3627,2902,9,True
3628,2903,12,True
3629,2904,2,True
3630,2904,21,False
3631,2905,11,True
3632,2906,14,True
3633,2907,21,True
3634,2908,23,False
3635,2908,26,True
3636,2909,26,True
3637,2910,16,True
3638,2911,2,True
3639,2912,22,True
3640,2912,23,False
3641,2913,16,True
3642,2914,19,True
3643,2915,16,True
3644,2916,2,True
3645,2916,7,False
3646,2917,4,True
3647,2918,8,True
3648,2919,15,True
3649,2920,6,False
3650,2920,23,True
3651,2921,22,True
3652,2922,17,True
3653,2923,12,True
3654,2924,6,True
3655,2924,19,False
3656,2925,9,True
3657,2926,20,True
3658,2927,15,True
3659,2928,1,False
3660,2928,10,True
3661,2929,9,True
3662,2930,26,True
3663,2931,12,True
3664,2932,5,True
3665,2932,26,False
3666,2933,21,True
3667,2934,3,True
3668,2935,26,True
3669,2936,2,False
3670,2936,3,True
3671,2937,24,True
3672,2938,10,True
3673,2939,17,True
3674,2940,4,True
3675,2940,7,False
3676,2941,15,True
3677,2942,22,True
3678,2943,3,True
3679,2944,12,True
3680,2944,19,False
3681,2945,3,True
3682,2946,14,True
3683,2947,16,True
3684,2948,8,False
3685,2948,23,True
3686,2949,19,True
3687,2950,21,True
3688,2951,23,True
3689,2952,9,True
3690,2952,24,False
3691,2953,17,True
3692,2954,24,True
3693,2955,5,True
3694,2956,18,False
3695,2956,25,True
3696,2957,3,True
3697,2958,25,True
3698,2959,23,True
3699,2960,20,False
3700,2960,23,True
3701,2961,14,True
3702,2962,10,True
3703,2963,22,True
3704,2964,1,False
3705,2964,26,True
3706,2965,18,True
3707,2966,18,True
3708,2967,19,True
3709,2968,5,False
3710,2968,26,True
3711,2969,16,True
3712,2970,15,True
3713,2971,21,True
3714,2972,17,True
3715,2972,26,False
3716,2973,5,True
3717,2974,23,True
3718,2975,3,True
3719,2976,1,False
3720,2976,14,True
3721,2977,23,True
3722,2978,24,True
3723,2979,8,True
3724,2980,10,False
3725,2980,19,True
3726,2981,4,True
3727,2982,4,True
3728,2983,23,True
3729,2984,15,False
3730,2984,20,True
3731,2985,12,True
3732,2986,17,True
3733,2987,17,True
3734,2988,15,False
3735,2988,16,True
3736,2989,19,True
3737,2990,14,True
3738,2991,16,True
3739,2992,16,True
3740,2992,19,False
3741,2993,18,True
3742,2994,19,True
3743,2995,3,True
3744,2996,14,True
3745,2996,21,False
3746,2997,2,True
3747,2998,16,True
3748,2999,23,True
3749,3000,1,False
3750,3000,16,True
3751,3001,2,True
3752,3002,26,True
3753,3003,16,True
3754,3004,6,False
3755,3004,17,True
3756,3005,26,True
3757,3006,16,True
3758,3007,3,True
3759,3008,7,False
3760,3008,14,True
3761,3009,12,True
3762,3010,26,True
3763,3011,12,True
3764,3012,2,True
3765,3012,25,False
3766,3013,12,True
3767,3014,3,True
3768,3015,23,True
3769,3016,1,True
3770,3016,2,False
3771,3017,21,True
3772,3018,19,True
3773,3019,17,True
3774,3020,20,True
3775,3020,25,False
3776,3021,19,True
3777,3022,7,True
3778,3023,26,True
3779,3024,5,False
3780,3024,22,True
3781,3025,3,True
3782,3026,19,True
3783,3027,19,True
3784,3028,2,True
3785,3028,15,False
3786,3029,16,True
3787,3030,17,True
3788,3031,6,True
3789,3032,9,True
3790,3032,26,False
3791,3033,19,True
3792,3034,15,True
3793,3035,16,True
3794,3036,4,False
3795,3036,9,True
3796,3037,5,True
3797,3038,8,True
3798,3039,23,True
3799,3040,25,False
3800,3040,26,True
3801,3041,18,True
3802,3042,15,True
3803,3043,14,True
3804,3044,2,True
3805,3044,5,False
3806,3045,26,True
3807,3046,3,True
3808,3047,12,True
3809,3048,5,False
3810,3048,24,True
3811,3049,4,True
3812,3050,5,True
3813,3051,2,True
3814,3052,3,True
3815,3052,14,False
3816,3053,22,True
3817,3054,10,True
3818,3055,19,True
3819,3056,6,False
3820,3056,17,True
3821,3057,8,True
3822,3058,2,True
3823,3059,23,True
3824,3060,1,False
3825,3060,8,True
3826,3061,10,True
3827,3062,2,True
3828,3063,7,True
3829,3064,19,False
3830,3064,22,True
3831,3065,24,True
3832,3066,3,True
3833,3067,25,True
3834,3068,21,True
3835,3068,22,False
3836,3069,16,True
3837,3070,12,True
3838,3071,12,True
3839,3072,14,True
3840,3072,19,False
3841,3073,22,True
3842,3074,26,True
3843,3075,7,True
3844,3076,14,True
3845,3076,23,False
3846,3077,9,True
3847,3078,2,True
3848,3079,8,True
3849,3080,12,False
3850,3080,25,True
3851,3081,8,True
3852,3082,6,True
3853,3083,5,True
3854,3084,10,False
3855,3084,19,True
3856,3085,23,True
3857,3086,4,True
3858,3087,22,True
3859,3088,3,True
3860,3088,24,False
3861,3089,9,True
3862,3090,19,True
3863,3091,6,True
3864,3092,18,False
3865,3092,19,True
3866,3093,15,True
3867,3094,26,True
3868,3095,16,True
3869,3096,1,False
3870,3096,24,True
3871,3097,16,True
3872,3098,3,True
3873,3099,12,True
3874,3100,2,False
3875,3100,21,True
3876,3101,4,True
3877,3102,25,True
3878,3103,26,True
3879,3104,4,True
3880,3104,15,False
3881,3105,3,True
3882,3106,4,True
3883,3107,10,True
3884,3108,2,True
3885,3108,17,False
3886,3109,5,True
3887,3110,4,True
3888,3111,2,True
3889,3112,3,True
3890,3112,22,False
3891,3113,20,True
3892,3114,26,True
3893,3115,7,True
3894,3116,3,True
3895,3116,26,False
3896,3117,22,True
3897,3118,12,True
3898,3119,3,True
3899,3120,7,True
3900,3120,8,False
3901,3121,11,True
3902,3122,13,True
3903,3123,8,True
3904,3124,4,False
3905,3124,25,True
3906,3125,19,True
3907,3126,16,True
3908,3127,16,True
3909,3128,6,True
3910,3128,15,False
3911,3129,9,True
3912,3130,13,True
3913,3131,21,True
3914,3132,13,False
3915,3132,26,True
3916,3133,7,True
3917,3134,2,True
3918,3135,19,True
3919,3136,13,False
3920,3136,22,True
3921,3137,8,True
3922,3138,5,True
3923,3139,5,True
3924,3140,3,False
3925,3140,8,True
3926,3141,26,True
3927,3142,12,True
3928,3143,6,True
3929,3144,21,False
3930,3144,22,True
3931,3145,4,True
3932,3146,11,True
3933,3147,10,True
3934,3148,8,True
3935,3148,11,False
3936,3149,17,True
3937,3150,24,True
3938,3151,2,True
3939,3152,7,True
3940,3152,14,False
3941,3153,4,True
3942,3154,19,True
3943,3155,9,True
3944,3156,3,False
3945,3156,18,True
3946,3157,13,True
3947,3158,5,True
3948,3159,16,True
3949,3160,5,True
3950,3160,20,False
3951,3161,15,True
3952,3162,10,True
3953,3163,21,True
3954,3164,6,False
3955,3164,13,True
3956,3165,7,True
3957,3166,19,True
3958,3167,24,True
3959,3168,13,False
3960,3168,16,True
3961,3169,25,True
3962,3170,11,True
3963,3171,2,True
3964,3172,12,True
3965,3172,13,False
3966,3173,2,True
3967,3174,24,True
3968,3175,19,True
3969,3176,19,True
3970,3176,24,False
3971,3177,5,True
3972,3178,19,True
3973,3179,3,True
3974,3180,9,True
3975,3180,18,False
3976,3181,3,True
3977,3182,12,True
3978,3183,15,True
3979,3184,2,False
3980,3184,15,True
3981,3185,13,True
3982,3186,7,True
3983,3187,9,True
3984,3188,6,True
3985,3188,23,False
3986,3189,21,True
3987,3190,2,True
3988,3191,21,True
3989,3192,18,False
3990,3192,23,True
3991,3193,20,True
3992,3194,12,True
3993,3195,10,True
3994,3196,21,False
3995,3196,22,True
3996,3197,26,True
3997,3198,9,True
3998,3199,3,True
3999,3200,23,True
4000,3200,26,False
